imgsz,map50,map5095,P,R
320,0.859,0.5828,0.8553,0.8484
352,0.9533,0.6272,0.9493,0.9037
384,0.974,0.6685,0.9364,0.9612
416,0.9753,0.6686,0.9536,0.9511
448,0.977,0.6796,0.9392,0.9602
480,0.9794,0.748,0.9516,0.9802
512,0.9836,0.7826,0.962,0.964
544,0.9827,0.7441,0.9666,0.9518
576,0.982,0.7811,0.9798,0.9412
608,0.9804,0.7806,0.9574,0.9635
640,0.9827,0.7871,0.9564,0.9691
672,0.9751,0.8076,0.9658,0.9401
704,0.9804,0.798,0.9691,0.9584
736,0.9821,0.8283,0.9641,0.9493
768,0.982,0.8136,0.9539,0.9638
800,0.9803,0.8091,0.9747,0.9366
