epoch,lr,train_loss,val_loss,miou_all,miou_fg,iou_apple,iou_tuna_fish_can,iou_plastic_bottle,iou_power_drill,iou_wood_block
1,6e-06,2.6160480287339953,2.4481143368615044,0.09257000488321075,0.10710587831421221,0.20476432787204935,0.2136232323662813,0.07138117793368849,0.04434791042505123,0.0014127429739906412
2,1.2e-05,2.3149871720208064,1.9631327470143636,0.39945709929396606,0.4247670637991165,0.8072634566182683,0.3434507326658107,0.13584476704756357,0.27661334726660597,0.5606630153973339
3,1.8e-05,1.8988087601131862,1.4921819183561538,0.6337987004303315,0.6169161160567667,0.772873884687476,0.7070212948686198,0.2703093825953522,0.5652738349843529,0.7691021831480325
4,2.4e-05,1.5171657032436794,1.2138810369703505,0.6994122028297042,0.6723129382460434,0.7726612843262731,0.7598834637222384,0.49668098196695787,0.5924366994490344,0.7399022617657133
5,3e-05,1.2706829441918268,1.057573175430298,0.7300550491599275,0.7046766777527684,0.7847553308018521,0.7779760063212747,0.6435674356864152,0.5770440374397136,0.7400405785145867
6,3.6e-05,1.148202853732639,0.9726880364947849,0.7394504592123751,0.713006461967953,0.7771183751460574,0.7684445903078725,0.6800532814038881,0.5988529339066845,0.7405631290752624
7,4.2e-05,1.0053512493769328,0.8645705766148037,0.7598336909955083,0.7352578116737676,0.7902724759384379,0.79154811995432,0.6844400090102312,0.6291756080229138,0.7808528454429351
8,4.8e-05,0.8800398932562934,0.7813921822441949,0.7718255055292897,0.7474176417726882,0.7944893285962823,0.7899111172685179,0.7207903843457858,0.6474918895365868,0.7844054891162685
9,5.4000000000000005e-05,0.7893149137496949,0.6706035110685561,0.7831320530516459,0.7594966763467819,0.8140331915575783,0.8091551028040488,0.720351446913085,0.6664788672653196,0.7874647731938775
10,6e-05,0.6834387487835354,0.5764497505293952,0.8020957762993258,0.7804622722543821,0.8161518773315313,0.8089004612767716,0.7564129879499987,0.7097883056902755,0.8110577290233334
11,5.941301337342915e-05,0.608356691731347,0.505442221959432,0.8124456457502415,0.791923193131834,0.8397769320551385,0.8215417537743498,0.7601033576890306,0.7203549023436869,0.8178390197969645
12,5.8812018836068575e-05,0.4925053490532769,0.44061931901507906,0.8415057268201452,0.8228122450105453,0.8662629216182968,0.8551105199251499,0.7957610783153449,0.7580387483696814,0.8388879568242527
13,5.821034111935838e-05,0.4300701273812188,0.3675135334332784,0.85404226798201,0.8379792966992643,0.875777331209727,0.8637824579080575,0.812591630928856,0.7805304807325778,0.8572145827171026
14,5.760797158226243e-05,0.3772303064664205,0.32722452216678194,0.8731314430854215,0.8584820088500351,0.8947586386758694,0.9001947517723571,0.8145703691501583,0.8157656044409496,0.8671206802108409
15,5.7004901372660524e-05,0.3290183093812731,0.2827654242515564,0.8913851811336468,0.8795836651083295,0.9128832651700705,0.9122102410435056,0.832891134354273,0.8415683854113711,0.8983652995624277
16,5.640112141964683e-05,0.28812040719721055,0.26660626331965126,0.8973711324778044,0.8847838836471041,0.916159669068542,0.9168705327999908,0.8408775235480024,0.8453814985951363,0.9046301942238492
17,5.579662242545227e-05,0.2619978616635005,0.23029498524136013,0.9200640050835225,0.9103466479512601,0.9429312531884677,0.934809807401362,0.8662106592046385,0.8826641900211035,0.9251173299407287
18,5.519139485696765e-05,0.23665389451715682,0.21000472174750434,0.9265210490788469,0.9176988915563531,0.9446152444553062,0.9417617054541763,0.8842321582522392,0.8877856235404997,0.9300997260795436
19,5.4585428936842866e-05,0.21897789571020337,0.18420124385091993,0.9378454861780455,0.9305049299711758,0.960358984315155,0.9516709481746339,0.8771570484919863,0.921605023022384,0.9417326458517195
20,5.397871463413521e-05,0.20272346569432154,0.17655536002582975,0.9403717704442162,0.9331494982870044,0.9577188550333255,0.9529781878423376,0.88558769478454,0.9221153096090962,0.9473474441657225
21,5.337124165447835e-05,0.18505231075816683,0.1607127633359697,0.9426378879928982,0.9358136302487537,0.9636539947585875,0.9559179868010922,0.8763065297295943,0.9331794634400881,0.9500101765144067
22,5.276299942974069e-05,0.16379827128516303,0.15598499510023328,0.9442434010375163,0.9374766338139935,0.9656237859976518,0.9547632144317665,0.8815321577778088,0.9307021146963002,0.9547618961664398
23,5.215397710713999e-05,0.14503328601519266,0.14156874881850348,0.9528858040687352,0.9472074962414491,0.9730339167560526,0.9606615036271254,0.9053023466906689,0.9381743036631776,0.9588654104702204
24,5.154416353777801e-05,0.14000571486022736,0.1333734697765774,0.9536268879257772,0.9478099869277248,0.9695129892828612,0.9620644289548371,0.9041003043163949,0.941237928665847,0.9621342834186841
25,5.093354726455638e-05,0.12057887315750122,0.12427837981118096,0.9563442037026237,0.9511167412626481,0.9710965514819424,0.9645436379210762,0.9090845735259451,0.9506748469378348,0.9601840964464423
26,5.032211650943144e-05,0.12301788098282285,0.11947386860847473,0.9592883294202704,0.9543231407421281,0.9716287088492296,0.9631987114130011,0.9235070960581865,0.9526426050929081,0.9606385822973154
27,4.970985915996266e-05,0.12479586352904638,0.11263053086068896,0.9611865525983877,0.9565458310215179,0.9731866663704642,0.9656221100641587,0.9237821115610383,0.9570342820088068,0.9631039851031211
28,4.9096762755105136e-05,0.11470719360642963,0.10789540741178724,0.9610857016665509,0.9563571299497861,0.9733813688520351,0.9671141363235527,0.9259024454764667,0.9543048539626696,0.961082845134206
29,4.848281447019257e-05,0.11518143547905815,0.10588461028205023,0.9663652169767406,0.9622650643582886,0.9789738095323413,0.9683015824727329,0.9422263612055688,0.9554632825875973,0.966360285993203
30,4.786800110105265e-05,0.10740654700332218,0.10358270737859938,0.9609790497491099,0.9564490679226509,0.97786965134123,0.9684436391697715,0.9108337921927306,0.9571298001317222,0.9679684567778
31,4.7252309047191464e-05,0.11092740595340729,0.09877521395683289,0.9639795779466053,0.9596850482903811,0.9764741722683932,0.9660950360666303,0.9328339044427209,0.9575739168047424,0.9654482118694185
32,4.663572429397825e-05,0.09988382384181023,0.09492893252107833,0.965822777425065,0.9615737099265915,0.9777826741849215,0.967003608021362,0.9350038670883548,0.9597022103139657,0.9683761900243539
33,4.601823239375528e-05,0.10447508990764617,0.09452808532449934,0.9650419223405552,0.9607967433926804,0.9721616888361724,0.9686575284988884,0.9364061752790335,0.9634179776906565,0.9633403466586514
34,4.539981844579112e-05,0.08995637595653534,0.09315206309159597,0.9676202323844646,0.9636983643137796,0.9803823953691705,0.9688348202065403,0.933475907212668,0.961477853088037,0.9743208456924826
35,4.478046707498789e-05,0.08461195247040855,0.09176610310872396,0.9701560337289091,0.9663548828985954,0.9812705645135923,0.9731761873069872,0.9408945532158097,0.9641841444793513,0.9722489649772366
36,4.41601624092445e-05,0.08268118500709534,0.08727267185846964,0.9702848621341563,0.9667563816499584,0.9808860155010805,0.9706264727245049,0.942864054326449,0.9650481954164103,0.9743571702813468
37,4.3538888055368936e-05,0.09543748365508185,0.08814052641391754,0.9697285582988876,0.9658958414648102,0.9792449942414166,0.9663474246224227,0.9506940186186521,0.962203629070968,0.9709891407705911
38,4.291662707342178e-05,0.11902797876132859,0.258432752556271,0.870510015213808,0.8470619270830635,0.7451140827927881,0.9677301851064112,0.924281185430456,0.968098587030377,0.6300855950552853
39,4.2293361949362155e-05,0.09254168470700581,0.08684025175041622,0.97085923973918,0.9672817355423963,0.9830370092053353,0.969796517419353,0.944800416332246,0.9678409945784009,0.9709337401766465
40,4.1669074565853767e-05,0.08857268566886584,0.0839915911356608,0.9703827745033804,0.9666597595084362,0.9820097810006362,0.9744553112842078,0.9419012199327347,0.9658134928154256,0.969118992509176
41,4.104374617107473e-05,0.08713944065901968,0.08062936034467486,0.9699524814311887,0.9662386372579641,0.9801938114193286,0.9715412560210253,0.9464047302581303,0.9615710818003685,0.9714823067909681
42,4.041735734535843e-05,0.08033489767048094,0.08110840221246084,0.9701418799334126,0.9664021073963165,0.982425447034913,0.9733237733931133,0.9364469208962983,0.9682616784237531,0.9715527172335047
43,3.9789887965474494e-05,0.08232786746488677,0.08065800898604923,0.9709261313289717,0.9672901643788654,0.9817774799555379,0.9698936223810449,0.945169376445547,0.967112152653953,0.9724981904582437
44,3.916131716633874e-05,0.0665935020479891,0.08033372726705339,0.9710292702919526,0.9674308673478343,0.9813998904124893,0.9735763975294213,0.9401964768125916,0.9667581748209311,0.9752233971637383
45,3.853162329991756e-05,0.07119596865442064,0.08122958673371208,0.9717001763514176,0.9680420188630293,0.9815333260953972,0.9733622428390433,0.9398872126904187,0.9730324730448014,0.9723948396454858
46,3.790078389106655e-05,0.07225262779328558,0.07635201182630327,0.9740589211674432,0.970944423523784,0.9831428558345923,0.9707667120647193,0.9515995479961813,0.9713009020960626,0.9779120996273643
47,3.726877559001349e-05,0.05996282398700714,0.07616286476453145,0.973936005164274,0.9707760464662357,0.9830987262327362,0.9725346652725673,0.9505133106147842,0.9701592756252001,0.9775742545858909
48,3.6635574121162426e-05,0.06645708978176117,0.07467773093117608,0.9717766244373843,0.9685233397496308,0.9832105568077539,0.972666775483978,0.9440065081953053,0.9670302215142316,0.9757026367468857
49,3.600115422785809e-05,0.05853210257159339,0.07533606555726793,0.9731976201910087,0.9699620636460811,0.9828712311050036,0.9721995998247166,0.9505910252178909,0.9693290712647029,0.9748193908180915
50,3.536548961270579e-05,0.06669469533695115,0.07463643749554952,0.9722432890245992,0.9688724211895604,0.982482361425907,0.9748419216859988,0.9435833832200716,0.9672144140811936,0.9762400255346313
51,3.4728552872993464e-05,0.0768473270866606,0.07428110341231028,0.9722781884655455,0.9689766452947343,0.9828635256383409,0.9736680053224245,0.942438908038623,0.9711040154337813,0.9748087720405009
52,3.4090315430705366e-05,0.06866506975558069,0.07326795856157939,0.9749185581273512,0.9718211798854146,0.9821737103365055,0.9762752107283745,0.9541042027683517,0.9709747198364674,0.9755780557573738
53,3.345074745655235e-05,0.0706636408964793,0.07278456456131405,0.9735210298880719,0.9702681236489227,0.9835771183345878,0.9745929452577037,0.9518266611526977,0.9704979768487717,0.9708459166508525
54,3.2809817787368663e-05,0.06564695098333889,0.072118854853842,0.9762890550834017,0.973430450738101,0.9844521723090457,0.975594361383197,0.9559962976614419,0.9733753623250694,0.9777340600117511
55,3.216749383613926e-05,0.0689745306968689,0.07163521680566999,0.9741020414872734,0.9710373551706457,0.9806357939732299,0.97539920464974,0.9529453337286711,0.9714543387839509,0.9747521047176372
56,3.152374149382128e-05,0.07411041781306267,0.07164921975798078,0.9719280706028807,0.9685152589764906,0.9814416700564924,0.9742961966053396,0.9406096550324446,0.9677571803158729,0.9784715928723037
57,3.087852502200776e-05,0.06059594179193179,0.07118939608335495,0.9738544540485758,0.97070681683495,0.9833397585149138,0.9713901342069718,0.949460980912467,0.9731107291622066,0.9762324813781904
58,3.0231806935345877e-05,0.05621520926554998,0.07078527046574487,0.9744296485430041,0.971266265056,0.9830367959530404,0.9734298960829137,0.9538358865331481,0.9714662745322789,0.9745624721786191
59,2.95835478724646e-05,0.08069266147083706,0.07016176962190204,0.9744073592777913,0.9711436069005532,0.9845883956105902,0.975809048980959,0.9497687036268486,0.9703032017977836,0.9752486844865852
60,2.8933706453980187e-05,0.05982877330647574,0.06966144177648756,0.9739381660413694,0.9707504592953461,0.9844624030855087,0.9741685918573625,0.9505350496247024,0.9680527578553008,0.9765334940538561
61,2.828223912593025e-05,0.06636968221929339,0.0706013086769316,0.9751190608751555,0.9720127332979189,0.9830838471150494,0.9749227876997448,0.955747383331108,0.9700942706267784,0.9762153777169138
62,2.7629099986728274e-05,0.054196961886352965,0.06854545970757803,0.97651611808142,0.9736953234674411,0.985575657355852,0.9780551471574902,0.9532174161828366,0.9738187686751993,0.9778096279658274
63,2.6974240595423707e-05,0.04931187828381856,0.06946671571996477,0.974728307059047,0.9715824527594806,0.9837126555299455,0.97213837163193,0.9594445170375031,0.9705494416519423,0.9720672779460822
64,2.631760975868745e-05,0.07064873944554063,0.0686630152993732,0.9758247188861437,0.9727433994573339,0.9841305132826531,0.9759933039146216,0.956065201511735,0.9736156410617602,0.9739123375158989
65,2.5659153293504185e-05,0.04877183482878738,0.0690833470887608,0.9745344609329177,0.9713796598765864,0.9845883928295222,0.9752302814016537,0.9518486452418796,0.9715043117962372,0.9737266681136388
66,2.4998813762026327e-05,0.058303788138760464,0.06886025369167328,0.9747219885585099,0.9716898832415376,0.9832168180789748,0.9720008984513197,0.957936701384828,0.9715115418355599,0.9737834564570056
67,2.4336530174407206e-05,0.055134283420112395,0.06787365294165082,0.97548699878371,0.9725090200686948,0.9857554426050803,0.9733410997123797,0.9526755536854244,0.9732686484155572,0.9775043559250326
68,2.3672237654656513e-05,0.03946252084440655,0.06772843433751,0.9753499711582826,0.9722836939591785,0.9845310637696769,0.9772483411187659,0.9554478905351622,0.9707687180071497,0.9734224563651379
69,2.300586706361432e-05,0.06527258116337988,0.06766922175884246,0.9762118967689104,0.9731677226200682,0.9858508014521781,0.9766960052814108,0.9553085144101707,0.9728543292449,0.9751289627116821
70,2.2337344571976244e-05,0.06614455713166131,0.06827899350060357,0.975527721286139,0.9724000659426224,0.9837140760158786,0.9748778700807706,0.9580057076780636,0.972270702736169,0.9731319732022301
71,2.1666591174861874e-05,0.06779160408510101,0.06737565000851949,0.974144483682461,0.970889498813202,0.9831306213693212,0.972883449269224,0.9495423303831617,0.9729556599894533,0.9759354330548495
72,2.0993522137625593e-05,0.07587253438929717,0.06675559712780846,0.9759266350027077,0.9729400403583284,0.9845775246485272,0.9754268960719646,0.9556715678416857,0.9719915160942766,0.9770326971351878
73,2.0318046360359295e-05,0.0456250869979461,0.06649453209506141,0.9771297646348313,0.9741936162077064,0.9852718176852558,0.9745530977216776,0.9569050805141078,0.9742762877885338,0.9799617973289566
74,1.964006564569416e-05,0.04629286415874958,0.06694265471564399,0.9760858993522774,0.9730963788155661,0.9856331293457042,0.9761339703544729,0.9572659575472143,0.9725136201838659,0.9739352166465723
75,1.8959473850888248e-05,0.04593181986775663,0.06614609708388647,0.9753031178906976,0.9723409236176564,0.9838166640367318,0.975112060063263,0.9542741455914273,0.9718950655049985,0.9766066828918616
76,1.827615590053441e-05,0.05959111261698935,0.06551674753427505,0.9765028935299612,0.9736107153656232,0.9847125811459103,0.9776754776344931,0.9549065877896695,0.9728979275430475,0.9778610027149953
77,1.7589986630190725e-05,0.060166972254713375,0.06637682798835966,0.9749402740103307,0.9718514420788864,0.984478929062068,0.9746947517512202,0.9543159961688202,0.9721105020617288,0.9736570313505946
78,1.690082942333483e-05,0.05642392395271195,0.06631620592541165,0.9761335731952588,0.973148001790958,0.9848515022089647,0.9729240706364596,0.9606391500552119,0.9727093529828883,0.9746159330712657
79,1.62085345935837e-05,0.06642557610240248,0.06634119699398676,0.9751278541038296,0.972002417973773,0.9836582907336742,0.973658942261879,0.958210255965827,0.9718652338111656,0.9726193670963185
80,1.5512937450110472e-05,0.049346813062826796,0.06515704227818384,0.9768666352307062,0.974029078938101,0.9843309035494833,0.975448184283013,0.9594330101515126,0.9713516420400294,0.9795816546664671
81,1.4813855965186235e-05,0.06599168131748835,0.0652240546213256,0.9760648660154371,0.9731973800798434,0.9841158881243165,0.9757784326338096,0.9554136212559554,0.9727703437733105,0.9779086146118245
82,1.4111087936636853e-05,0.05497642987304264,0.06479861653513379,0.9762493516532472,0.9733233003086361,0.9852977470150447,0.9760545395322455,0.9528617685992858,0.9726401228554618,0.9797623235411429
83,1.340440750150706e-05,0.055043586384918956,0.06577511131763458,0.9753867596834683,0.9722954152670578,0.984632658061305,0.9753748554550428,0.9538267858474946,0.9733551532346154,0.9742876237368315
84,1.2693560805400738e-05,0.03653967219094435,0.06504836959971322,0.9769395456742814,0.9741620426009037,0.9846262019070252,0.9778360390337302,0.9568563915143117,0.9740543749072533,0.9774372056421983
85,1.1978260557009544e-05,0.055857373691267434,0.06587074879142973,0.9752476965895499,0.9723076283509438,0.9845790637993639,0.9735583178338665,0.9572505466330034,0.9713669404292233,0.9747832730592615
86,1.125817908667276e-05,0.040297652118735844,0.06446556895971298,0.977267267304887,0.974528417719988,0.9845319121748934,0.975712112884175,0.9604968529811786,0.9728431660937741,0.9790580444659186
87,1.0532939360603185e-05,0.05793686898218261,0.06481750872400072,0.9766091568644987,0.973772182272356,0.9839255117913349,0.9758348748544119,0.9580973566527812,0.9742987603339509,0.9767044077293006
88,9.80210314312719e-06,0.05773528176877234,0.06488600389824974,0.97617547178071,0.9732788118992414,0.9836743213685298,0.9731279211808161,0.9575391915607016,0.9739093272738052,0.9781432981123545
89,9.06515508513986e-06,0.05117706937922372,0.06451445635822084,0.9775891371421586,0.9748941061428187,0.9850134284903839,0.9770247065954605,0.9603171177045298,0.9731950113362909,0.978920266587429
90,8.321480832606348e-06,0.05768145898150073,0.06423938257826699,0.9770132335409761,0.9741520222103753,0.9835854266819449,0.9760349732270864,0.956549770633971,0.9753411730101049,0.9792487674987698
91,7.570336072490789e-06,0.0495849497616291,0.06435134990347756,0.9774180488748808,0.9747204462999232,0.9853507117393433,0.9757476469182909,0.9598105254170278,0.9750816398196877,0.9776117076052663
92,6.810801314939591e-06,0.06078736260533333,0.06516682191027535,0.9766427555744143,0.9737141416867235,0.9852430803873351,0.97481222212903,0.9565816355096987,0.9744242346367847,0.9775095357707694
93,6.041713177330657e-06,0.05722064235144191,0.06470081475045945,0.9768380670556986,0.9739517051933252,0.9845145228778329,0.9768146813042766,0.9573363140019776,0.9739687687838109,0.9771242389987277
94,5.261554718435384e-06,0.0466380195485221,0.06458024978637696,0.9761759045728419,0.9732079656813465,0.9845182182034389,0.9748512761740358,0.9569593029555291,0.9718666061082262,0.9778444249655021
95,4.468269143758943e-06,0.04434770565066073,0.06439224266343646,0.9764051520617981,0.9735777539604458,0.984587735498847,0.9749539407214963,0.9559123195100624,0.9752858021497398,0.9771489719220834
96,3.65891606435802e-06,0.05005886476073,0.06455144501394695,0.975775017664471,0.9728308297220434,0.9844010491292312,0.9747791681003637,0.9548713291989374,0.9728734848355695,0.9772291173461153
97,2.8289596105834348e-06,0.06008660631875197,0.06467480262120565,0.9760289266015526,0.9731228929562794,0.9854411054778923,0.9742287713666592,0.956620983502704,0.9723619348493429,0.9769616695847991
98,1.970511539959283e-06,0.04596016477379534,0.06400265312857098,0.9776496639300639,0.9748182020901026,0.9846927161133526,0.9771949812460632,0.9583670929256587,0.9755845493223884,0.9782516708430502
99,1.0664089418968251e-06,0.0493646178394556,0.06384436107344098,0.9766132081714843,0.9737248975503394,0.9846688923495457,0.9769620991939103,0.9561896594920561,0.973905598329128,0.9768982383870566
100,3.3997088789552396e-08,0.06829665791657236,0.06443416807386611,0.977310578144165,0.9746142659582155,0.9847387111275725,0.9743570385675028,0.9576587358741211,0.9758331715113447,0.980483672710536
